,Applicant_Income,Coapplicant_Income,Loan_Amount,Loan_Amount_Term,Credit_History,Gender_Female,Gender_Male,Married_No,Married_Yes,Dependents_0,Dependents_1,Dependents_2,Dependents_3,Dependents_nan,Education_Graduate,Education_Not Graduate,Self_Employed_No,Self_Employed_Yes,Property_Area_Rural,Property_Area_Semiurban,Property_Area_Urban
0,5849,0.0,154.06021505376344,360.0,1.0,0,1,1,0,1,0,0,0,0,1,0,1,0,0,0,1
1,4583,1508.0,128.0,360.0,1.0,0,1,0,1,0,1,0,0,0,1,0,1,0,1,0,0
2,3000,0.0,66.0,360.0,1.0,0,1,0,1,1,0,0,0,0,1,0,0,1,0,0,1
3,2583,2358.0,120.0,360.0,1.0,0,1,0,1,1,0,0,0,0,0,1,1,0,0,0,1
4,6000,0.0,141.0,360.0,1.0,0,1,1,0,1,0,0,0,0,1,0,1,0,0,0,1
5,5417,4196.0,267.0,360.0,1.0,0,1,0,1,0,0,1,0,0,1,0,0,1,0,0,1
6,2333,1516.0,95.0,360.0,1.0,0,1,0,1,1,0,0,0,0,0,1,1,0,0,0,1
7,3036,2504.0,158.0,360.0,0.0,0,1,0,1,0,0,0,1,0,1,0,1,0,0,1,0
8,4006,1526.0,168.0,360.0,1.0,0,1,0,1,0,0,1,0,0,1,0,1,0,0,0,1
9,12841,10968.0,349.0,360.0,1.0,0,1,0,1,0,1,0,0,0,1,0,1,0,0,1,0
10,3200,700.0,70.0,360.0,1.0,0,1,0,1,0,0,1,0,0,1,0,1,0,0,0,1
11,2500,1840.0,109.0,360.0,1.0,0,1,0,1,0,0,1,0,0,1,0,1,0,0,0,1
12,3073,8106.0,200.0,360.0,1.0,0,1,0,1,0,0,1,0,0,1,0,1,0,0,0,1
13,1853,2840.0,114.0,360.0,1.0,0,1,1,0,1,0,0,0,0,1,0,1,0,1,0,0
14,1299,1086.0,17.0,120.0,1.0,0,1,0,1,0,0,1,0,0,1,0,1,0,0,0,1
15,4950,0.0,125.0,360.0,1.0,0,1,1,0,1,0,0,0,0,1,0,1,0,0,0,1
16,3596,0.0,100.0,240.0,1.0,0,1,1,0,0,1,0,0,0,0,1,1,0,0,0,1
17,3510,0.0,76.0,360.0,0.0,1,0,1,0,1,0,0,0,0,1,0,1,0,0,0,1
18,4887,0.0,133.0,360.0,1.0,0,1,0,1,1,0,0,0,0,0,1,1,0,1,0,0
19,2600,3500.0,115.0,360.0,1.0,0,1,0,1,1,0,0,0,0,1,0,1,0,0,0,1
20,7660,0.0,104.0,360.0,0.0,0,1,0,1,1,0,0,0,0,0,1,1,0,0,0,1
21,5955,5625.0,315.0,360.0,1.0,0,1,0,1,0,1,0,0,0,1,0,1,0,0,0,1
22,2600,1911.0,116.0,360.0,0.0,0,1,0,1,1,0,0,0,0,0,1,1,0,0,1,0
23,3365,1917.0,112.0,360.0,0.0,0,1,0,1,0,0,1,0,0,0,1,1,0,1,0,0
24,3717,2925.0,151.0,360.0,1.0,0,1,0,1,0,1,0,0,0,1,0,1,0,0,1,0
25,9560,0.0,191.0,360.0,1.0,0,1,0,1,1,0,0,0,0,1,0,0,1,0,1,0
26,2799,2253.0,122.0,360.0,1.0,0,1,0,1,1,0,0,0,0,1,0,1,0,0,1,0
27,4226,1040.0,110.0,360.0,1.0,0,1,0,1,0,0,1,0,0,0,1,1,0,0,0,1
28,1442,0.0,35.0,360.0,1.0,0,1,1,0,1,0,0,0,0,0,1,1,0,0,0,1
29,3750,2083.0,120.0,360.0,1.0,1,0,1,0,0,0,1,0,0,1,0,1,0,0,1,0
30,4166,3369.0,201.0,360.0,1.0,0,1,0,1,0,1,0,0,0,1,0,1,0,0,0,1
31,3167,0.0,74.0,360.0,1.0,0,1,1,0,1,0,0,0,0,1,0,1,0,0,0,1
32,4692,0.0,106.0,360.0,1.0,0,1,1,0,0,1,0,0,0,1,0,0,1,1,0,0
33,3500,1667.0,114.0,360.0,1.0,0,1,0,1,1,0,0,0,0,1,0,1,0,0,1,0
34,12500,3000.0,320.0,360.0,1.0,0,1,1,0,0,0,0,1,0,1,0,1,0,1,0,0
35,2275,2067.0,154.06021505376344,360.0,1.0,0,1,0,1,1,0,0,0,0,1,0,1,0,0,0,1
36,1828,1330.0,100.0,360.0,0.0,0,1,0,1,1,0,0,0,0,1,0,1,0,0,0,1
37,3667,1459.0,144.0,360.0,1.0,1,0,0,1,1,0,0,0,0,1,0,1,0,0,1,0
38,4166,7210.0,184.0,360.0,1.0,0,1,1,0,1,0,0,0,0,1,0,1,0,0,0,1
39,3748,1668.0,110.0,360.0,1.0,0,1,1,0,1,0,0,0,0,0,1,1,0,0,1,0
40,3600,0.0,80.0,360.0,1.0,0,1,1,0,1,0,0,0,0,1,0,1,0,0,0,1
41,1800,1213.0,47.0,360.0,1.0,0,1,1,0,1,0,0,0,0,1,0,1,0,0,0,1
42,2400,0.0,75.0,360.0,1.0,0,1,0,1,1,0,0,0,0,1,0,1,0,0,0,1
43,3941,2336.0,134.0,360.0,1.0,0,1,0,1,1,0,0,0,0,1,0,1,0,0,1,0
44,4695,0.0,96.0,360.0,1.0,0,1,0,1,1,0,0,0,0,0,1,0,1,0,0,1
45,3410,0.0,88.0,360.0,1.0,1,0,1,0,1,0,0,0,0,1,0,1,0,0,0,1
46,5649,0.0,44.0,360.0,1.0,0,1,0,1,0,1,0,0,0,1,0,1,0,0,0,1
47,5821,0.0,144.0,360.0,1.0,0,1,0,1,1,0,0,0,0,1,0,1,0,0,0,1
48,2645,3440.0,120.0,360.0,0.0,1,0,0,1,1,0,0,0,0,1,0,1,0,0,0,1
49,4000,2275.0,144.0,360.0,1.0,1,0,1,0,1,0,0,0,0,1,0,1,0,0,1,0
50,1928,1644.0,100.0,360.0,1.0,1,0,0,1,1,0,0,0,0,0,1,1,0,0,1,0
51,3086,0.0,120.0,360.0,1.0,1,0,1,0,1,0,0,0,0,1,0,1,0,0,1,0
52,4230,0.0,112.0,360.0,1.0,1,0,1,0,1,0,0,0,0,1,0,1,0,0,1,0
53,4616,0.0,134.0,360.0,1.0,0,1,0,1,0,0,1,0,0,1,0,1,0,0,0,1
54,11500,0.0,286.0,360.0,0.0,1,0,0,1,0,1,0,0,0,1,0,0,1,0,0,1
55,2708,1167.0,97.0,360.0,1.0,0,1,0,1,0,0,1,0,0,1,0,1,0,0,1,0
56,2132,1591.0,96.0,360.0,1.0,0,1,0,1,1,0,0,0,0,1,0,1,0,0,1,0
57,3366,2200.0,135.0,360.0,1.0,0,1,0,1,1,0,0,0,0,1,0,1,0,1,0,0
58,8080,2250.0,180.0,360.0,1.0,0,1,0,1,0,1,0,0,0,1,0,1,0,0,0,1
59,3357,2859.0,144.0,360.0,1.0,0,1,0,1,0,0,1,0,0,0,1,1,0,0,0,1
60,2500,3796.0,120.0,360.0,1.0,0,1,0,1,1,0,0,0,0,1,0,1,0,0,0,1
61,3029,0.0,99.0,360.0,1.0,0,1,0,1,0,0,0,1,0,1,0,1,0,0,0,1
62,2609,3449.0,165.0,180.0,0.0,0,1,0,1,1,0,0,0,0,0,1,0,1,1,0,0
63,4945,0.0,154.06021505376344,360.0,0.0,0,1,0,1,0,1,0,0,0,1,0,1,0,1,0,0
64,4166,0.0,116.0,360.0,0.0,1,0,1,0,1,0,0,0,0,1,0,1,0,0,1,0
65,5726,4595.0,258.0,360.0,1.0,0,1,0,1,1,0,0,0,0,1,0,1,0,0,1,0
66,3200,2254.0,126.0,180.0,0.0,0,1,1,0,1,0,0,0,0,0,1,1,0,0,0,1
67,10750,0.0,312.0,360.0,1.0,0,1,0,1,0,1,0,0,0,1,0,1,0,0,0,1
68,7100,0.0,125.0,60.0,1.0,0,1,0,1,0,0,0,1,0,0,1,0,1,0,0,1
69,4300,0.0,136.0,360.0,0.0,1,0,1,0,1,0,0,0,0,1,0,1,0,0,1,0
70,3208,3066.0,172.0,360.0,1.0,0,1,0,1,1,0,0,0,0,1,0,1,0,0,0,1
71,1875,1875.0,97.0,360.0,1.0,0,1,0,1,0,0,1,0,0,0,1,0,1,0,1,0
72,3500,0.0,81.0,300.0,1.0,0,1,1,0,1,0,0,0,0,1,0,1,0,0,1,0
73,4755,0.0,95.0,360.0,0.0,0,1,0,1,0,0,0,1,0,0,1,1,0,0,1,0
74,5266,1774.0,187.0,360.0,1.0,0,1,0,1,0,0,0,1,0,1,0,0,1,0,1,0
75,3750,0.0,113.0,480.0,1.0,0,1,1,0,1,0,0,0,0,1,0,1,0,0,0,1
76,3750,4750.0,176.0,360.0,1.0,0,1,1,0,1,0,0,0,0,1,0,1,0,0,0,1
77,1000,3022.0,110.0,360.0,1.0,0,1,0,1,0,1,0,0,0,1,0,0,1,0,0,1
78,3167,4000.0,180.0,300.0,0.0,0,1,0,1,0,0,0,1,0,1,0,1,0,0,1,0
79,3333,2166.0,130.0,360.0,1.0,0,1,0,1,0,0,0,1,0,0,1,0,1,0,1,0
80,3846,0.0,111.0,360.0,1.0,1,0,1,0,1,0,0,0,0,1,0,1,0,0,1,0
81,2395,0.0,154.06021505376344,360.0,1.0,0,1,0,1,0,1,0,0,0,1,0,0,1,0,1,0
82,1378,1881.0,167.0,360.0,1.0,1,0,0,1,0,0,1,0,0,1,0,1,0,0,0,1
83,6000,2250.0,265.0,360.0,1.0,0,1,0,1,1,0,0,0,0,1,0,1,0,0,1,0
84,3988,0.0,50.0,240.0,1.0,0,1,0,1,0,1,0,0,0,1,0,1,0,0,0,1
85,2366,2531.0,136.0,360.0,1.0,0,1,1,0,1,0,0,0,0,1,0,1,0,0,1,0
86,3333,2000.0,99.0,360.0,1.0,0,1,0,1,0,0,1,0,0,0,1,1,0,0,1,0
87,2500,2118.0,104.0,360.0,1.0,0,1,0,1,1,0,0,0,0,1,0,1,0,0,1,0
88,8566,0.0,210.0,360.0,1.0,0,1,1,0,1,0,0,0,0,1,0,1,0,0,0,1
89,5695,4167.0,175.0,360.0,1.0,0,1,0,1,1,0,0,0,0,1,0,1,0,0,1,0
90,2958,2900.0,131.0,360.0,1.0,0,1,0,1,1,0,0,0,0,1,0,1,0,0,1,0
91,6250,5654.0,188.0,180.0,1.0,0,1,0,1,0,0,1,0,0,1,0,1,0,0,1,0
92,3273,1820.0,81.0,360.0,1.0,0,1,0,1,0,0,1,0,0,0,1,1,0,0,0,1
93,4133,0.0,122.0,360.0,1.0,0,1,1,0,1,0,0,0,0,1,0,1,0,0,1,0
94,3620,0.0,25.0,120.0,1.0,0,1,1,0,1,0,0,0,0,0,1,1,0,0,1,0
95,6782,0.0,154.06021505376344,360.0,1.0,0,1,1,0,1,0,0,0,0,1,0,1,0,0,0,1
96,2484,2302.0,137.0,360.0,1.0,1,0,0,1,1,0,0,0,0,1,0,1,0,0,1,0
97,1977,997.0,50.0,360.0,1.0,0,1,0,1,1,0,0,0,0,1,0,1,0,0,1,0
98,4188,0.0,115.0,180.0,1.0,0,1,0,1,1,0,0,0,0,0,1,1,0,0,1,0
99,1759,3541.0,131.0,360.0,1.0,0,1,0,1,1,0,0,0,0,1,0,1,0,0,1,0
100,4288,3263.0,133.0,180.0,1.0,0,1,0,1,0,0,1,0,0,0,1,1,0,0,0,1
101,4843,3806.0,151.0,360.0,1.0,0,1,1,0,1,0,0,0,0,1,0,1,0,0,1,0
102,13650,0.0,154.06021505376344,360.0,1.0,0,1,0,1,0,0,0,0,1,1,0,1,0,0,0,1
103,4652,3583.0,154.06021505376344,360.0,1.0,0,1,0,1,1,0,0,0,0,1,0,1,0,0,1,0
104,3816,754.0,160.0,360.0,1.0,0,1,0,1,0,0,0,0,1,1,0,1,0,0,0,1
105,3052,1030.0,100.0,360.0,1.0,0,1,0,1,0,1,0,0,0,1,0,1,0,0,0,1
106,11417,1126.0,225.0,360.0,1.0,0,1,0,1,0,0,1,0,0,1,0,1,0,0,0,1
107,7333,0.0,120.0,360.0,1.0,0,1,1,0,1,0,0,0,0,0,1,1,0,1,0,0
108,3800,3600.0,216.0,360.0,0.0,0,1,0,1,0,0,1,0,0,1,0,1,0,0,0,1
109,2071,754.0,94.0,480.0,1.0,0,1,0,1,0,0,0,1,0,0,1,1,0,0,1,0
110,5316,0.0,136.0,360.0,1.0,0,1,1,0,1,0,0,0,0,1,0,1,0,0,0,1
111,2929,2333.0,139.0,360.0,1.0,1,0,0,1,1,0,0,0,0,1,0,1,0,0,1,0
112,3572,4114.0,152.0,360.0,0.0,0,1,0,1,1,0,0,0,0,0,1,1,0,1,0,0
113,7451,0.0,154.06021505376344,360.0,1.0,1,0,1,0,0,1,0,0,0,1,0,0,1,0,1,0
114,5050,0.0,118.0,360.0,1.0,0,1,1,0,1,0,0,0,0,1,0,1,0,0,1,0
115,14583,0.0,185.0,180.0,1.0,0,1,0,1,0,1,0,0,0,1,0,1,0,1,0,0
116,3167,2283.0,154.0,360.0,1.0,1,0,0,1,1,0,0,0,0,1,0,1,0,0,1,0
117,2214,1398.0,85.0,360.0,1.0,0,1,0,1,0,1,0,0,0,1,0,1,0,0,0,1
118,5568,2142.0,175.0,360.0,1.0,0,1,0,1,1,0,0,0,0,1,0,1,0,1,0,0
119,10408,0.0,259.0,360.0,1.0,1,0,1,0,1,0,0,0,0,1,0,1,0,0,0,1
120,5667,2667.0,180.0,360.0,1.0,0,1,0,1,0,0,0,0,1,1,0,1,0,1,0,0
121,4166,0.0,44.0,360.0,1.0,1,0,1,0,1,0,0,0,0,1,0,1,0,0,1,0
122,2137,8980.0,137.0,360.0,0.0,1,0,1,0,1,0,0,0,0,1,0,1,0,0,1,0
123,2957,0.0,81.0,360.0,1.0,0,1,0,1,0,0,1,0,0,1,0,1,0,0,1,0
124,4300,2014.0,194.0,360.0,1.0,0,1,0,1,1,0,0,0,0,0,1,1,0,1,0,0
125,3692,0.0,93.0,360.0,1.0,1,0,1,0,1,0,0,0,0,1,0,1,0,1,0,0
126,23803,0.0,370.0,360.0,1.0,0,1,0,1,0,0,0,1,0,1,0,1,0,1,0,0
127,3865,1640.0,154.06021505376344,360.0,1.0,0,1,1,0,1,0,0,0,0,1,0,1,0,1,0,0
128,10513,3850.0,160.0,180.0,0.0,0,1,0,1,0,1,0,0,0,1,0,0,1,0,0,1
129,6080,2569.0,182.0,360.0,1.0,0,1,0,1,1,0,0,0,0,1,0,1,0,1,0,0
130,20166,0.0,650.0,480.0,1.0,0,1,1,0,1,0,0,0,0,1,0,0,1,0,0,1
131,2014,1929.0,74.0,360.0,1.0,0,1,1,0,1,0,0,0,0,1,0,1,0,0,0,1
132,2718,0.0,70.0,360.0,1.0,0,1,1,0,1,0,0,0,0,1,0,1,0,0,1,0
133,3459,0.0,25.0,120.0,1.0,0,1,0,1,1,0,0,0,0,1,0,0,1,0,1,0
134,4895,0.0,102.0,360.0,1.0,0,1,1,0,1,0,0,0,0,1,0,1,0,0,1,0
135,4000,7750.0,290.0,360.0,1.0,0,1,0,1,0,0,0,1,0,1,0,1,0,0,1,0
136,4583,0.0,84.0,360.0,1.0,1,0,0,1,1,0,0,0,0,1,0,1,0,1,0,0
137,3316,3500.0,88.0,360.0,1.0,0,1,0,1,0,0,1,0,0,1,0,0,1,0,0,1
138,14999,0.0,242.0,360.0,0.0,0,1,1,0,1,0,0,0,0,1,0,1,0,0,1,0
139,4200,1430.0,129.0,360.0,1.0,0,1,0,1,0,0,1,0,0,0,1,1,0,1,0,0
140,5042,2083.0,185.0,360.0,1.0,0,1,0,1,0,0,1,0,0,1,0,1,0,1,0,0
141,5417,0.0,168.0,360.0,1.0,0,1,1,0,1,0,0,0,0,1,0,1,0,0,0,1
142,6950,0.0,175.0,180.0,1.0,0,1,1,0,1,0,0,0,0,1,0,0,1,0,1,0
143,2698,2034.0,122.0,360.0,1.0,0,1,0,1,1,0,0,0,0,1,0,1,0,0,1,0
144,11757,0.0,187.0,180.0,1.0,0,1,0,1,0,0,1,0,0,1,0,1,0,0,0,1
145,2330,4486.0,100.0,360.0,1.0,1,0,0,1,1,0,0,0,0,1,0,1,0,0,1,0
146,14866,0.0,70.0,360.0,1.0,1,0,0,1,0,0,1,0,0,1,0,1,0,0,0,1
147,1538,1425.0,30.0,360.0,1.0,0,1,0,1,0,1,0,0,0,1,0,1,0,0,0,1
148,10000,1666.0,225.0,360.0,1.0,1,0,1,0,1,0,0,0,0,1,0,1,0,1,0,0
149,4860,830.0,125.0,360.0,1.0,0,1,0,1,1,0,0,0,0,1,0,1,0,0,1,0
150,6277,0.0,118.0,360.0,0.0,0,1,1,0,1,0,0,0,0,1,0,1,0,1,0,0
151,2577,3750.0,152.0,360.0,1.0,0,1,0,1,1,0,0,0,0,1,0,0,1,1,0,0
152,9166,0.0,244.0,360.0,1.0,0,1,1,0,1,0,0,0,0,1,0,1,0,0,0,1
153,2281,0.0,113.0,360.0,1.0,0,1,0,1,0,0,1,0,0,0,1,1,0,1,0,0
154,3254,0.0,50.0,360.0,1.0,0,1,1,0,1,0,0,0,0,1,0,1,0,0,0,1
155,39999,0.0,600.0,180.0,0.0,0,1,0,1,0,0,0,1,0,1,0,1,0,0,1,0
156,6000,0.0,160.0,360.0,1.0,0,1,0,1,0,1,0,0,0,1,0,1,0,1,0,0
157,9538,0.0,187.0,360.0,1.0,0,1,0,1,0,1,0,0,0,1,0,1,0,0,0,1
158,2980,2083.0,120.0,360.0,1.0,0,1,1,0,1,0,0,0,0,1,0,1,0,1,0,0
159,4583,5625.0,255.0,360.0,1.0,0,1,0,1,1,0,0,0,0,1,0,1,0,0,1,0
160,1863,1041.0,98.0,360.0,1.0,0,1,0,1,1,0,0,0,0,0,1,1,0,0,1,0
161,7933,0.0,275.0,360.0,1.0,0,1,0,1,1,0,0,0,0,1,0,1,0,0,0,1
162,3089,1280.0,121.0,360.0,0.0,0,1,0,1,0,1,0,0,0,1,0,1,0,0,1,0
163,4167,1447.0,158.0,360.0,1.0,0,1,0,1,0,0,1,0,0,1,0,1,0,1,0,0
164,9323,0.0,75.0,180.0,1.0,0,1,0,1,1,0,0,0,0,1,0,1,0,0,0,1
165,3707,3166.0,182.0,360.0,1.0,0,1,0,1,1,0,0,0,0,1,0,1,0,1,0,0
166,4583,0.0,112.0,360.0,1.0,1,0,0,1,1,0,0,0,0,1,0,1,0,1,0,0
167,2439,3333.0,129.0,360.0,1.0,0,1,0,1,1,0,0,0,0,1,0,1,0,1,0,0
168,2237,0.0,63.0,480.0,0.0,0,1,1,0,1,0,0,0,0,1,0,1,0,0,1,0
169,8000,0.0,200.0,360.0,1.0,0,1,0,1,0,0,1,0,0,1,0,1,0,0,1,0
170,1820,1769.0,95.0,360.0,1.0,0,1,0,1,1,0,0,0,0,0,1,1,0,1,0,0
171,51763,0.0,700.0,300.0,1.0,0,1,0,1,0,0,0,1,0,1,0,1,0,0,0,1
172,3522,0.0,81.0,180.0,1.0,0,1,0,1,0,0,0,1,0,0,1,1,0,1,0,0
173,5708,5625.0,187.0,360.0,1.0,0,1,0,1,1,0,0,0,0,1,0,1,0,0,1,0
174,4344,736.0,87.0,360.0,1.0,0,1,0,1,1,0,0,0,0,0,1,0,1,0,1,0
175,3497,1964.0,116.0,360.0,1.0,0,1,0,1,1,0,0,0,0,1,0,1,0,1,0,0
176,2045,1619.0,101.0,360.0,1.0,0,1,0,1,0,0,1,0,0,1,0,1,0,1,0,0
177,5516,11300.0,495.0,360.0,0.0,0,1,0,1,0,0,0,1,0,1,0,1,0,0,1,0
178,3750,0.0,116.0,360.0,1.0,0,1,0,1,0,1,0,0,0,1,0,1,0,0,1,0
179,2333,1451.0,102.0,480.0,0.0,0,1,1,0,1,0,0,0,0,0,1,1,0,0,0,1
180,6400,7250.0,180.0,360.0,0.0,0,1,0,1,0,1,0,0,0,1,0,1,0,0,0,1
181,1916,5063.0,67.0,360.0,1.0,0,1,1,0,1,0,0,0,0,1,0,1,0,1,0,0
182,4600,0.0,73.0,180.0,1.0,0,1,0,1,1,0,0,0,0,1,0,1,0,0,1,0
183,33846,0.0,260.0,360.0,1.0,0,1,0,1,0,1,0,0,0,1,0,1,0,0,1,0
184,3625,0.0,108.0,360.0,1.0,1,0,0,1,1,0,0,0,0,1,0,1,0,0,1,0
185,39147,4750.0,120.0,360.0,1.0,0,1,0,1,1,0,0,0,0,1,0,0,1,0,1,0
186,2178,0.0,66.0,300.0,0.0,0,1,0,1,0,1,0,0,0,1,0,0,1,1,0,0
187,2383,2138.0,58.0,360.0,1.0,0,1,0,1,1,0,0,0,0,1,0,1,0,1,0,0
188,674,5296.0,168.0,360.0,1.0,0,1,0,1,1,0,0,0,0,1,0,0,1,1,0,0
189,9328,0.0,188.0,180.0,1.0,0,1,0,1,1,0,0,0,0,1,0,1,0,1,0,0
190,4885,0.0,48.0,360.0,1.0,0,1,1,0,1,0,0,0,0,0,1,1,0,1,0,0
191,12000,0.0,164.0,360.0,1.0,0,1,1,0,1,0,0,0,0,1,0,1,0,0,1,0
192,6033,0.0,160.0,360.0,1.0,0,1,0,1,1,0,0,0,0,0,1,1,0,0,0,1
193,3858,0.0,76.0,360.0,1.0,0,1,1,0,1,0,0,0,0,1,0,1,0,0,1,0
194,4191,0.0,120.0,360.0,1.0,0,1,1,0,1,0,0,0,0,1,0,1,0,1,0,0
195,3125,2583.0,170.0,360.0,1.0,0,1,0,1,0,1,0,0,0,1,0,1,0,0,1,0
196,8333,3750.0,187.0,360.0,1.0,0,1,1,0,1,0,0,0,0,1,0,1,0,1,0,0
197,1907,2365.0,120.0,360.0,1.0,1,0,1,0,1,0,0,0,0,0,1,1,0,0,0,1
198,3416,2816.0,113.0,360.0,1.0,1,0,0,1,1,0,0,0,0,1,0,1,0,0,1,0
199,11000,0.0,83.0,360.0,1.0,0,1,1,0,1,0,0,0,0,1,0,0,1,0,0,1
200,2600,2500.0,90.0,360.0,1.0,0,1,0,1,0,1,0,0,0,0,1,1,0,0,1,0
201,4923,0.0,166.0,360.0,0.0,0,1,1,0,0,0,1,0,0,1,0,1,0,0,1,0
202,3992,0.0,118.40944881889764,180.0,1.0,0,1,0,1,0,0,0,1,0,0,1,1,0,0,0,1
203,3500,1083.0,135.0,360.0,1.0,0,1,0,1,0,1,0,0,0,0,1,1,0,0,0,1
204,3917,0.0,124.0,360.0,1.0,0,1,0,1,0,0,1,0,0,0,1,1,0,0,1,0
205,4408,0.0,120.0,360.0,1.0,1,0,1,0,1,0,0,0,0,0,1,1,0,0,1,0
206,3244,0.0,80.0,360.0,1.0,1,0,1,0,1,0,0,0,0,1,0,1,0,0,0,1
207,3975,2531.0,55.0,360.0,1.0,0,1,1,0,1,0,0,0,0,0,1,1,0,1,0,0
208,2479,0.0,59.0,360.0,1.0,0,1,1,0,1,0,0,0,0,1,0,1,0,0,0,1
209,3418,0.0,127.0,360.0,1.0,0,1,1,0,1,0,0,0,0,1,0,1,0,0,1,0
210,10000,0.0,214.0,360.0,1.0,1,0,1,0,1,0,0,0,0,1,0,1,0,0,1,0
211,3430,1250.0,128.0,360.0,0.0,0,1,0,1,0,0,0,1,0,1,0,1,0,0,1,0
212,7787,0.0,240.0,360.0,1.0,0,1,0,1,0,1,0,0,0,1,0,0,1,0,0,1
213,5703,0.0,130.0,360.0,1.0,0,1,0,1,0,0,0,1,0,0,1,0,1,1,0,0
214,3173,3021.0,137.0,360.0,1.0,0,1,0,1,1,0,0,0,0,1,0,1,0,0,0,1
215,3850,983.0,100.0,360.0,1.0,0,1,0,1,0,0,0,1,0,0,1,1,0,0,1,0
216,150,1800.0,135.0,360.0,1.0,0,1,0,1,1,0,0,0,0,1,0,1,0,1,0,0
217,3727,1775.0,131.0,360.0,1.0,0,1,0,1,1,0,0,0,0,1,0,1,0,0,1,0
218,5000,0.0,72.0,360.0,0.0,0,1,0,1,0,0,1,0,0,1,0,1,0,0,1,0
219,4283,2383.0,127.0,360.0,1.0,1,0,0,1,0,0,1,0,0,1,0,1,0,0,1,0
220,2221,0.0,60.0,360.0,0.0,0,1,0,1,1,0,0,0,0,1,0,1,0,0,0,1
221,4009,1717.0,116.0,360.0,1.0,0,1,0,1,0,0,1,0,0,1,0,1,0,0,1,0
222,2971,2791.0,144.0,360.0,1.0,0,1,1,0,1,0,0,0,0,1,0,1,0,0,1,0
223,7578,1010.0,175.0,360.0,1.0,0,1,0,1,1,0,0,0,0,1,0,1,0,0,1,0
224,6250,0.0,128.0,360.0,1.0,0,1,0,1,1,0,0,0,0,1,0,1,0,0,1,0
225,3250,0.0,170.0,360.0,1.0,0,1,0,1,1,0,0,0,0,1,0,1,0,1,0,0
226,4735,0.0,138.0,360.0,1.0,0,1,0,1,0,0,0,0,1,0,1,0,1,0,0,1
227,6250,1695.0,210.0,360.0,1.0,0,1,0,1,0,0,1,0,0,1,0,1,0,0,1,0
228,4758,0.0,158.0,480.0,1.0,0,1,0,1,0,0,0,0,1,1,0,1,0,0,1,0
229,6400,0.0,200.0,360.0,1.0,0,1,1,0,1,0,0,0,0,1,0,0,1,1,0,0
230,2491,2054.0,104.0,360.0,1.0,0,1,0,1,0,1,0,0,0,1,0,1,0,0,1,0
231,3716,0.0,42.0,180.0,1.0,0,1,0,1,1,0,0,0,0,1,0,1,0,1,0,0
232,3189,2598.0,120.0,360.0,1.0,0,1,1,0,1,0,0,0,0,0,1,1,0,1,0,0
233,8333,0.0,280.0,360.0,1.0,1,0,1,0,1,0,0,0,0,1,0,1,0,0,1,0
234,3155,1779.0,140.0,360.0,1.0,0,1,0,1,0,1,0,0,0,1,0,1,0,0,1,0
235,5500,1260.0,170.0,360.0,1.0,0,1,0,1,0,1,0,0,0,1,0,1,0,1,0,0
236,5746,0.0,255.0,360.0,1.0,0,1,0,1,1,0,0,0,0,1,0,1,0,0,0,1
237,3463,0.0,122.0,360.0,1.0,1,0,1,0,1,0,0,0,0,1,0,0,1,0,0,1
238,3812,0.0,112.0,360.0,1.0,1,0,1,0,0,1,0,0,0,1,0,1,0,1,0,0
239,3315,0.0,96.0,360.0,1.0,0,1,0,1,0,1,0,0,0,1,0,1,0,0,1,0
240,5819,5000.0,120.0,360.0,1.0,0,1,0,1,0,0,1,0,0,1,0,1,0,1,0,0
241,2510,1983.0,140.0,180.0,1.0,0,1,0,1,0,1,0,0,0,0,1,1,0,0,0,1
242,2965,5701.0,155.0,60.0,1.0,0,1,1,0,1,0,0,0,0,1,0,1,0,0,0,1
243,6250,1300.0,108.0,360.0,1.0,0,1,0,1,0,0,1,0,0,1,0,0,1,1,0,0
244,3406,4417.0,123.0,360.0,1.0,0,1,0,1,1,0,0,0,0,0,1,1,0,0,1,0
245,6050,4333.0,120.0,180.0,1.0,0,1,1,0,1,0,0,0,0,1,0,0,1,0,0,1
246,9703,0.0,112.0,360.0,1.0,0,1,0,1,0,0,1,0,0,1,0,1,0,0,0,1
247,6608,0.0,137.0,180.0,1.0,0,1,0,1,0,1,0,0,0,0,1,1,0,0,0,1
248,2882,1843.0,123.0,480.0,1.0,0,1,0,1,0,1,0,0,0,1,0,1,0,0,1,0
249,1809,1868.0,90.0,360.0,1.0,0,1,0,1,1,0,0,0,0,1,0,1,0,0,0,1
250,1668,3890.0,201.0,360.0,0.0,0,1,0,1,1,0,0,0,0,0,1,1,0,0,1,0
251,3427,0.0,138.0,360.0,1.0,1,0,1,0,0,0,1,0,0,1,0,1,0,0,0,1
252,2583,2167.0,104.0,360.0,1.0,0,1,1,0,1,0,0,0,0,0,1,0,1,1,0,0
253,2661,7101.0,279.0,180.0,1.0,0,1,0,1,0,1,0,0,0,0,1,1,0,0,1,0
254,16250,0.0,192.0,360.0,0.0,0,1,1,0,1,0,0,0,0,1,0,0,1,0,0,1
255,3083,0.0,255.0,360.0,1.0,1,0,1,0,0,0,0,1,0,1,0,1,0,1,0,0
256,6045,0.0,115.0,360.0,0.0,0,1,1,0,1,0,0,0,0,0,1,1,0,1,0,0
257,5250,0.0,94.0,360.0,1.0,0,1,0,1,0,0,0,1,0,1,0,1,0,0,0,1
258,14683,2100.0,304.0,360.0,1.0,0,1,0,1,1,0,0,0,0,1,0,1,0,1,0,0
259,4931,0.0,128.0,360.0,1.0,0,1,0,1,0,0,0,1,0,0,1,1,0,0,1,0
260,6083,4250.0,330.0,360.0,1.0,0,1,0,1,0,1,0,0,0,1,0,1,0,0,0,1
261,2060,2209.0,134.0,360.0,1.0,0,1,1,0,1,0,0,0,0,1,0,1,0,0,1,0
262,3481,0.0,155.0,36.0,1.0,1,0,1,0,0,1,0,0,0,1,0,1,0,0,1,0
263,7200,0.0,120.0,360.0,1.0,1,0,1,0,1,0,0,0,0,1,0,1,0,1,0,0
264,5166,0.0,128.0,360.0,1.0,0,1,1,0,1,0,0,0,0,1,0,0,1,0,1,0
265,4095,3447.0,151.0,360.0,1.0,0,1,1,0,1,0,0,0,0,1,0,1,0,1,0,0
266,4708,1387.0,150.0,360.0,1.0,0,1,0,1,0,0,1,0,0,1,0,1,0,0,1,0
267,4333,1811.0,160.0,360.0,0.0,0,1,0,1,0,0,0,1,0,1,0,1,0,0,0,1
268,3418,0.0,135.0,360.0,1.0,1,0,1,0,1,0,0,0,0,1,0,1,0,1,0,0
269,2876,1560.0,90.0,360.0,1.0,1,0,1,0,0,1,0,0,0,1,0,1,0,0,0,1
270,3237,0.0,30.0,360.0,1.0,1,0,1,0,1,0,0,0,0,1,0,1,0,0,0,1
271,11146,0.0,136.0,360.0,1.0,0,1,0,1,1,0,0,0,0,1,0,1,0,0,0,1
272,2833,1857.0,126.0,360.0,1.0,0,1,1,0,1,0,0,0,0,1,0,1,0,1,0,0
273,2620,2223.0,150.0,360.0,1.0,0,1,0,1,1,0,0,0,0,1,0,1,0,0,1,0
274,3900,0.0,90.0,360.0,1.0,0,1,0,1,0,0,1,0,0,1,0,1,0,0,1,0
275,2750,1842.0,115.0,360.0,1.0,0,1,0,1,0,1,0,0,0,1,0,1,0,0,1,0
276,3993,3274.0,207.0,360.0,1.0,0,1,0,1,1,0,0,0,0,1,0,1,0,0,1,0
277,3103,1300.0,80.0,360.0,1.0,0,1,0,1,1,0,0,0,0,1,0,1,0,0,0,1
278,14583,0.0,436.0,360.0,1.0,0,1,0,1,1,0,0,0,0,1,0,1,0,0,1,0
279,4100,0.0,124.0,360.0,1.0,1,0,0,1,1,0,0,0,0,0,1,1,0,1,0,0
280,4053,2426.0,158.0,360.0,0.0,0,1,1,0,0,1,0,0,0,0,1,0,1,0,0,1
281,3927,800.0,112.0,360.0,1.0,0,1,0,1,1,0,0,0,0,1,0,1,0,0,1,0
282,2301,985.7999877999998,78.0,180.0,1.0,0,1,0,1,0,0,1,0,0,1,0,1,0,0,0,1
283,1811,1666.0,54.0,360.0,1.0,1,0,1,0,1,0,0,0,0,1,0,1,0,0,0,1
284,20667,0.0,154.06021505376344,360.0,1.0,0,1,0,1,1,0,0,0,0,1,0,1,0,1,0,0
285,3158,3053.0,89.0,360.0,1.0,0,1,1,0,1,0,0,0,0,1,0,1,0,1,0,0
286,2600,1717.0,99.0,300.0,1.0,1,0,1,0,1,0,0,0,0,1,0,0,1,0,1,0
287,3704,2000.0,120.0,360.0,1.0,0,1,0,1,1,0,0,0,0,1,0,1,0,1,0,0
288,4124,0.0,115.0,360.0,1.0,1,0,1,0,1,0,0,0,0,1,0,1,0,0,1,0
289,9508,0.0,187.0,360.0,1.0,0,1,1,0,1,0,0,0,0,1,0,1,0,1,0,0
290,3075,2416.0,139.0,360.0,1.0,0,1,0,1,1,0,0,0,0,1,0,1,0,1,0,0
291,4400,0.0,127.0,360.0,0.0,0,1,0,1,0,0,1,0,0,1,0,1,0,0,1,0
292,3153,1560.0,134.0,360.0,1.0,0,1,0,1,0,0,1,0,0,1,0,1,0,0,0,1
293,5417,0.0,143.0,480.0,0.0,1,0,1,0,0,0,0,0,1,1,0,1,0,0,0,1
294,2383,3334.0,172.0,360.0,1.0,0,1,0,1,1,0,0,0,0,1,0,1,0,0,1,0
295,4416,1250.0,110.0,360.0,1.0,0,1,0,1,0,0,0,1,0,1,0,1,0,0,0,1
296,6875,0.0,200.0,360.0,1.0,0,1,0,1,0,1,0,0,0,1,0,1,0,0,1,0
297,4666,0.0,135.0,360.0,1.0,1,0,0,1,0,1,0,0,0,1,0,1,0,0,0,1
298,5000,2541.0,151.0,480.0,1.0,1,0,1,0,1,0,0,0,0,1,0,1,0,1,0,0
299,2014,2925.0,113.0,360.0,1.0,0,1,0,1,0,1,0,0,0,1,0,1,0,0,0,1
300,1800,2934.0,93.0,360.0,0.0,0,1,0,1,1,0,0,0,0,0,1,1,0,0,0,1
301,2875,1750.0,105.0,360.0,1.0,0,1,0,1,0,0,0,0,1,0,1,1,0,0,1,0
302,5000,0.0,132.0,360.0,1.0,1,0,1,0,1,0,0,0,0,1,0,1,0,1,0,0
303,1625,1803.0,96.0,360.0,1.0,0,1,0,1,0,1,0,0,0,1,0,1,0,0,0,1
304,4000,2500.0,140.0,360.0,1.0,0,1,1,0,1,0,0,0,0,1,0,1,0,1,0,0
305,2000,0.0,118.40944881889764,360.0,1.0,0,1,1,0,1,0,0,0,0,0,1,1,0,0,0,1
306,3762,1666.0,135.0,360.0,1.0,1,0,1,0,1,0,0,0,0,1,0,1,0,1,0,0
307,2400,1863.0,104.0,360.0,0.0,1,0,1,0,1,0,0,0,0,1,0,1,0,0,0,1
308,20233,0.0,480.0,360.0,1.0,0,1,1,0,1,0,0,0,0,1,0,1,0,1,0,0
309,7667,0.0,185.0,360.0,1.0,0,1,0,1,0,0,1,0,0,0,1,1,0,1,0,0
310,2917,0.0,84.0,360.0,1.0,1,0,1,0,1,0,0,0,0,1,0,1,0,0,1,0
311,2927,2405.0,111.0,360.0,1.0,0,1,1,0,1,0,0,0,0,0,1,1,0,0,1,0
312,2507,0.0,56.0,360.0,1.0,1,0,1,0,1,0,0,0,0,1,0,1,0,1,0,0
313,5746,0.0,144.0,84.0,1.0,0,1,0,1,0,0,1,0,0,1,0,0,1,1,0,0
314,2473,1843.0,159.0,360.0,1.0,0,1,0,1,1,0,0,0,0,1,0,1,0,1,0,0
315,3399,1640.0,111.0,180.0,1.0,0,1,0,1,0,1,0,0,0,0,1,1,0,0,0,1
316,3717,0.0,120.0,360.0,1.0,0,1,0,1,0,0,1,0,0,1,0,1,0,0,1,0
317,2058,2134.0,88.0,360.0,1.0,0,1,0,1,1,0,0,0,0,1,0,1,0,0,0,1
318,3541,0.0,112.0,360.0,1.0,1,0,1,0,0,1,0,0,0,1,0,1,0,0,1,0
319,10000,0.0,155.0,360.0,1.0,0,1,0,1,0,1,0,0,0,1,0,0,1,1,0,0
320,2400,2167.0,115.0,360.0,1.0,0,1,0,1,1,0,0,0,0,1,0,1,0,0,1,0
321,4342,189.0,124.0,360.0,1.0,0,1,0,1,0,0,0,1,0,1,0,1,0,0,1,0
322,3601,1590.0,118.40944881889764,360.0,1.0,0,1,0,1,0,0,1,0,0,0,1,1,0,1,0,0
323,3166,2985.0,132.0,360.0,1.0,1,0,1,0,1,0,0,0,0,1,0,1,0,1,0,0
324,15000,0.0,300.0,360.0,1.0,0,1,0,1,0,0,0,1,0,1,0,1,0,1,0,0
325,8666,4983.0,376.0,360.0,0.0,0,1,0,1,0,1,0,0,0,1,0,0,1,1,0,0
326,4917,0.0,130.0,360.0,0.0,0,1,1,0,1,0,0,0,0,1,0,1,0,1,0,0
327,5818,2160.0,184.0,360.0,1.0,0,1,0,1,1,0,0,0,0,1,0,0,1,0,1,0
328,4333,2451.0,110.0,360.0,1.0,1,0,0,1,1,0,0,0,0,1,0,1,0,0,0,1
329,2500,0.0,67.0,360.0,1.0,1,0,1,0,1,0,0,0,0,1,0,1,0,0,0,1
330,4384,1793.0,117.0,360.0,1.0,0,1,1,0,0,1,0,0,0,1,0,1,0,0,0,1
331,2935,0.0,98.0,360.0,1.0,0,1,1,0,1,0,0,0,0,1,0,1,0,0,1,0
332,2833,0.0,71.0,360.0,1.0,0,1,1,0,0,0,0,0,1,1,0,1,0,0,0,1
333,63337,0.0,490.0,180.0,1.0,0,1,0,1,1,0,0,0,0,1,0,1,0,0,0,1
334,9833,1833.0,182.0,180.0,1.0,0,1,0,1,0,1,0,0,0,1,0,0,1,0,0,1
335,5503,4490.0,70.0,360.0,1.0,0,1,0,1,0,0,0,0,1,1,0,0,1,0,1,0
336,5250,688.0,160.0,360.0,1.0,0,1,0,1,0,1,0,0,0,1,0,1,0,1,0,0
337,2500,4600.0,176.0,360.0,1.0,0,1,0,1,0,0,1,0,0,1,0,0,1,1,0,0
338,1830,0.0,118.40944881889764,360.0,0.0,1,0,1,0,0,0,0,1,0,0,1,1,0,0,0,1
339,4160,0.0,71.0,360.0,1.0,1,0,1,0,1,0,0,0,0,1,0,1,0,0,1,0
340,2647,1587.0,173.0,360.0,1.0,0,1,0,1,0,0,0,1,0,0,1,1,0,1,0,0
341,2378,0.0,46.0,360.0,1.0,1,0,1,0,1,0,0,0,0,1,0,1,0,1,0,0
342,4554,1229.0,158.0,360.0,1.0,0,1,0,1,0,1,0,0,0,0,1,1,0,0,0,1
343,3173,0.0,74.0,360.0,1.0,0,1,0,1,0,0,0,1,0,0,1,1,0,0,1,0
344,2583,2330.0,125.0,360.0,1.0,0,1,0,1,0,0,1,0,0,1,0,1,0,1,0,0
345,2499,2458.0,160.0,360.0,1.0,0,1,0,1,1,0,0,0,0,1,0,1,0,0,1,0
346,3523,3230.0,152.0,360.0,0.0,0,1,0,1,0,0,0,0,1,0,1,1,0,1,0,0
347,3083,2168.0,126.0,360.0,1.0,0,1,0,1,0,0,1,0,0,0,1,1,0,0,0,1
348,6333,4583.0,259.0,360.0,1.0,0,1,0,1,1,0,0,0,0,1,0,1,0,0,1,0
349,2625,6250.0,187.0,360.0,1.0,0,1,0,1,1,0,0,0,0,1,0,1,0,1,0,0
350,9083,0.0,228.0,360.0,1.0,0,1,0,1,1,0,0,0,0,1,0,1,0,0,1,0
351,8750,4167.0,308.0,360.0,1.0,0,1,1,0,1,0,0,0,0,1,0,1,0,1,0,0
352,2666,2083.0,95.0,360.0,1.0,0,1,0,1,0,0,0,1,0,1,0,1,0,1,0,0
353,5500,0.0,105.0,360.0,0.0,1,0,0,1,1,0,0,0,0,1,0,0,1,1,0,0
354,2423,505.0,130.0,360.0,1.0,1,0,0,1,1,0,0,0,0,1,0,1,0,0,1,0
355,3813,0.0,116.0,180.0,1.0,1,0,1,0,0,0,0,0,1,1,0,1,0,0,0,1
356,8333,3167.0,165.0,360.0,1.0,0,1,0,1,0,0,1,0,0,1,0,1,0,1,0,0
357,3875,0.0,67.0,360.0,1.0,0,1,0,1,0,1,0,0,0,1,0,1,0,0,0,1
358,3000,1666.0,100.0,480.0,0.0,0,1,0,1,1,0,0,0,0,0,1,1,0,0,0,1
359,5167,3167.0,200.0,360.0,1.0,0,1,0,1,0,0,0,1,0,1,0,1,0,0,1,0
360,4723,0.0,81.0,360.0,1.0,1,0,1,0,0,1,0,0,0,1,0,1,0,0,1,0
361,5000,3667.0,236.0,360.0,1.0,0,1,0,1,0,0,1,0,0,1,0,1,0,0,1,0
362,4750,2333.0,130.0,360.0,1.0,0,1,0,1,1,0,0,0,0,1,0,1,0,0,0,1
363,3013,3033.0,95.0,300.0,1.0,0,1,0,1,1,0,0,0,0,1,0,1,0,0,0,1
364,6822,0.0,141.0,360.0,1.0,0,1,1,0,1,0,0,0,0,1,0,0,1,1,0,0
365,6216,0.0,133.0,360.0,1.0,0,1,1,0,1,0,0,0,0,0,1,1,0,1,0,0
366,2500,0.0,96.0,480.0,1.0,0,1,1,0,1,0,0,0,0,1,0,1,0,0,1,0
367,5124,0.0,124.0,360.0,0.0,0,1,1,0,1,0,0,0,0,1,0,1,0,1,0,0
368,6325,0.0,175.0,360.0,1.0,0,1,0,1,0,1,0,0,0,1,0,1,0,0,1,0
369,19730,5266.0,570.0,360.0,1.0,0,1,0,1,1,0,0,0,0,1,0,1,0,1,0,0
370,15759,0.0,55.0,360.0,1.0,1,0,1,0,1,0,0,0,0,1,0,0,1,0,1,0
371,5185,0.0,155.0,360.0,1.0,0,1,0,1,0,0,1,0,0,1,0,1,0,0,1,0
372,9323,7873.0,380.0,300.0,1.0,0,1,0,1,0,0,1,0,0,1,0,0,1,1,0,0
373,3062,1987.0,111.0,180.0,0.0,0,1,1,0,0,1,0,0,0,1,0,1,0,0,0,1
374,2764,1459.0,110.0,360.0,1.0,1,0,1,0,1,0,0,0,0,1,0,1,0,0,0,1
375,4817,923.0,120.0,180.0,1.0,0,1,0,1,1,0,0,0,0,1,0,1,0,0,0,1
376,8750,4996.0,130.0,360.0,1.0,0,1,0,1,0,0,0,1,0,1,0,1,0,1,0,0
377,4310,0.0,130.0,360.0,1.0,0,1,0,1,1,0,0,0,0,1,0,1,0,0,1,0
378,3069,0.0,71.0,480.0,1.0,0,1,1,0,1,0,0,0,0,1,0,1,0,0,0,1
379,5391,0.0,130.0,360.0,1.0,0,1,0,1,0,0,1,0,0,1,0,1,0,0,0,1
380,3333,2500.0,128.0,360.0,1.0,0,1,0,1,1,0,0,0,0,1,0,1,0,0,1,0
381,5941,4232.0,296.0,360.0,1.0,0,1,1,0,1,0,0,0,0,1,0,1,0,0,1,0
382,6000,0.0,156.0,360.0,1.0,1,0,1,0,1,0,0,0,0,1,0,1,0,0,0,1
383,7167,0.0,128.0,360.0,1.0,0,1,1,0,1,0,0,0,0,1,0,0,1,0,0,1
384,4566,0.0,100.0,360.0,1.0,0,1,0,1,0,0,1,0,0,1,0,1,0,0,0,1
385,3667,0.0,113.0,180.0,1.0,0,1,1,0,0,1,0,0,0,1,0,1,0,0,0,1
386,2346,1600.0,132.0,360.0,1.0,0,1,1,0,1,0,0,0,0,0,1,1,0,0,1,0
387,3010,3136.0,118.40944881889764,360.0,0.0,0,1,0,1,1,0,0,0,0,0,1,1,0,0,0,1
388,2333,2417.0,136.0,360.0,1.0,0,1,0,1,1,0,0,0,0,1,0,1,0,0,0,1
389,5488,0.0,125.0,360.0,1.0,0,1,0,1,1,0,0,0,0,1,0,1,0,1,0,0
390,9167,0.0,185.0,360.0,1.0,0,1,1,0,0,0,0,1,0,1,0,1,0,1,0,0
391,9504,0.0,275.0,360.0,1.0,0,1,0,1,0,0,0,1,0,1,0,1,0,1,0,0
392,2583,2115.0,120.0,360.0,1.0,0,1,0,1,1,0,0,0,0,1,0,1,0,0,0,1
393,1993,1625.0,113.0,180.0,1.0,0,1,0,1,0,0,1,0,0,0,1,1,0,0,1,0
394,3100,1400.0,113.0,360.0,1.0,0,1,0,1,0,0,1,0,0,1,0,1,0,0,0,1
395,3276,484.0,135.0,360.0,1.0,0,1,0,1,0,0,1,0,0,1,0,1,0,0,1,0
396,3180,0.0,71.0,360.0,0.0,1,0,1,0,1,0,0,0,0,1,0,1,0,0,0,1
397,3033,1459.0,95.0,360.0,1.0,0,1,0,1,1,0,0,0,0,1,0,1,0,0,0,1
398,3902,1666.0,109.0,360.0,1.0,0,1,1,0,1,0,0,0,0,0,1,1,0,1,0,0
399,1500,1800.0,103.0,360.0,0.0,1,0,1,0,1,0,0,0,0,1,0,1,0,0,1,0
400,2889,0.0,45.0,180.0,0.0,0,1,0,1,0,0,1,0,0,0,1,1,0,0,0,1
401,2755,0.0,65.0,300.0,1.0,0,1,1,0,1,0,0,0,0,0,1,1,0,1,0,0
402,2500,20000.0,103.0,360.0,1.0,0,1,1,0,1,0,0,0,0,1,0,1,0,0,1,0
403,1963,0.0,53.0,360.0,1.0,1,0,1,0,1,0,0,0,0,0,1,1,0,0,1,0
404,7441,0.0,194.0,360.0,1.0,1,0,1,0,1,0,0,0,0,1,0,0,1,1,0,0
405,4547,0.0,115.0,360.0,1.0,1,0,1,0,1,0,0,0,0,1,0,1,0,0,1,0
406,2167,2400.0,115.0,360.0,1.0,0,1,0,1,1,0,0,0,0,0,1,1,0,0,0,1
407,2213,0.0,66.0,360.0,1.0,1,0,1,0,1,0,0,0,0,0,1,1,0,1,0,0
408,8300,0.0,152.0,300.0,0.0,0,1,0,1,0,1,0,0,0,1,0,1,0,0,1,0
409,81000,0.0,360.0,360.0,0.0,0,1,0,1,0,0,0,1,0,1,0,1,0,1,0,0
410,3867,0.0,62.0,360.0,1.0,1,0,1,0,0,1,0,0,0,0,1,0,1,0,1,0
411,6256,0.0,160.0,360.0,1.0,0,1,0,1,1,0,0,0,0,1,0,1,0,0,0,1
412,6096,0.0,218.0,360.0,0.0,0,1,0,1,1,0,0,0,0,0,1,1,0,1,0,0
413,2253,2033.0,110.0,360.0,1.0,0,1,0,1,1,0,0,0,0,0,1,1,0,1,0,0
414,2149,3237.0,178.0,360.0,0.0,1,0,0,1,1,0,0,0,0,0,1,1,0,0,1,0
415,2995,0.0,60.0,360.0,1.0,1,0,1,0,1,0,0,0,0,1,0,1,0,0,0,1
416,2600,0.0,160.0,360.0,1.0,1,0,1,0,0,1,0,0,0,1,0,1,0,0,0,1
417,1600,20000.0,239.0,360.0,1.0,0,1,0,1,0,0,1,0,0,1,0,0,1,0,0,1
418,1025,2773.0,112.0,360.0,1.0,0,1,0,1,1,0,0,0,0,1,0,1,0,1,0,0
419,3246,1417.0,138.0,360.0,1.0,0,1,0,1,1,0,0,0,0,1,0,1,0,0,1,0
420,5829,0.0,138.0,360.0,1.0,0,1,0,1,1,0,0,0,0,1,0,1,0,1,0,0
421,2720,0.0,80.0,360.0,0.0,1,0,1,0,1,0,0,0,0,0,1,1,0,0,0,1
422,1820,1719.0,100.0,360.0,1.0,0,1,0,1,1,0,0,0,0,1,0,1,0,0,0,1
423,7250,1667.0,110.0,360.0,0.0,0,1,0,1,0,1,0,0,0,1,0,1,0,0,0,1
424,14880,0.0,96.0,360.0,1.0,0,1,0,1,1,0,0,0,0,1,0,1,0,0,1,0
425,2666,4300.0,121.0,360.0,1.0,0,1,0,1,1,0,0,0,0,1,0,1,0,1,0,0
426,4606,0.0,81.0,360.0,1.0,1,0,1,0,0,1,0,0,0,0,1,1,0,1,0,0
427,5935,0.0,133.0,360.0,1.0,0,1,0,1,0,0,1,0,0,1,0,1,0,0,1,0
428,2920,16.12000084,87.0,360.0,1.0,0,1,0,1,1,0,0,0,0,1,0,1,0,1,0,0
429,2717,0.0,60.0,180.0,1.0,0,1,1,0,1,0,0,0,0,0,1,1,0,0,0,1
430,8624,0.0,150.0,360.0,1.0,1,0,1,0,0,1,0,0,0,1,0,0,1,0,1,0
431,6500,0.0,105.0,360.0,0.0,0,1,1,0,1,0,0,0,0,1,0,1,0,1,0,0
432,12876,0.0,405.0,360.0,1.0,0,1,1,0,1,0,0,0,0,1,0,1,0,0,1,0
433,2425,2340.0,143.0,360.0,1.0,0,1,0,1,1,0,0,0,0,1,0,1,0,0,1,0
434,3750,0.0,100.0,360.0,1.0,0,1,1,0,1,0,0,0,0,1,0,1,0,0,0,1
435,10047,0.0,154.06021505376344,240.0,1.0,1,0,0,1,0,0,0,0,1,1,0,1,0,0,1,0
436,1926,1851.0,50.0,360.0,1.0,0,1,1,0,1,0,0,0,0,1,0,1,0,0,1,0
437,2213,1125.0,154.06021505376344,360.0,1.0,0,1,0,1,1,0,0,0,0,1,0,1,0,0,0,1
438,10416,0.0,187.0,360.0,0.0,0,1,1,0,1,0,0,0,0,1,0,0,1,0,0,1
439,7142,0.0,138.0,360.0,1.0,1,0,0,1,1,0,0,0,0,0,1,0,1,1,0,0
440,3660,5064.0,187.0,360.0,1.0,0,1,1,0,1,0,0,0,0,1,0,1,0,0,1,0
441,7901,1833.0,180.0,360.0,1.0,0,1,0,1,1,0,0,0,0,1,0,1,0,1,0,0
442,4707,1993.0,148.0,360.0,1.0,0,1,1,0,0,0,0,1,0,0,1,1,0,0,1,0
443,37719,0.0,152.0,360.0,1.0,0,1,1,0,0,1,0,0,0,1,0,1,0,0,1,0
444,7333,8333.0,175.0,300.0,1.0,0,1,0,1,1,0,0,0,0,1,0,1,0,1,0,0
445,3466,1210.0,130.0,360.0,1.0,0,1,0,1,0,1,0,0,0,1,0,0,1,1,0,0
446,4652,0.0,110.0,360.0,1.0,0,1,0,1,0,0,1,0,0,0,1,1,0,1,0,0
447,3539,1376.0,55.0,360.0,1.0,0,1,0,1,1,0,0,0,0,1,0,1,0,1,0,0
448,3340,1710.0,150.0,360.0,0.0,0,1,0,1,0,0,1,0,0,1,0,1,0,1,0,0
449,2769,1542.0,190.0,360.0,1.0,0,1,1,0,0,1,0,0,0,0,1,0,1,0,1,0
450,2309,1255.0,125.0,360.0,0.0,0,1,0,1,0,0,1,0,0,0,1,1,0,1,0,0
451,1958,1456.0,60.0,300.0,1.0,0,1,0,1,0,0,1,0,0,0,1,1,0,0,0,1
452,3948,1733.0,149.0,360.0,0.0,0,1,0,1,1,0,0,0,0,1,0,1,0,1,0,0
453,2483,2466.0,90.0,180.0,0.0,0,1,0,1,1,0,0,0,0,1,0,1,0,1,0,0
454,7085,0.0,84.0,360.0,1.0,0,1,1,0,1,0,0,0,0,1,0,0,1,0,1,0
455,3859,0.0,96.0,360.0,1.0,0,1,0,1,0,0,1,0,0,1,0,1,0,0,1,0
456,4301,0.0,118.0,360.0,1.0,0,1,0,1,1,0,0,0,0,1,0,1,0,0,0,1
457,3708,2569.0,173.0,360.0,1.0,0,1,0,1,1,0,0,0,0,1,0,1,0,0,0,1
458,4354,0.0,136.0,360.0,1.0,0,1,1,0,0,0,1,0,0,1,0,1,0,1,0,0
459,8334,0.0,160.0,360.0,1.0,0,1,0,1,1,0,0,0,0,1,0,1,0,0,1,0
460,2083,4083.0,160.0,360.0,1.0,0,1,0,1,1,0,0,0,0,1,0,0,1,0,1,0
461,7740,0.0,128.0,180.0,1.0,0,1,0,1,0,0,0,1,0,1,0,1,0,0,0,1
462,3015,2188.0,153.0,360.0,1.0,0,1,0,1,1,0,0,0,0,1,0,1,0,1,0,0
463,5191,0.0,132.0,360.0,1.0,1,0,1,0,0,1,0,0,0,0,1,1,0,0,1,0
464,4166,0.0,98.0,360.0,0.0,0,1,1,0,1,0,0,0,0,1,0,1,0,0,1,0
465,6000,0.0,140.0,360.0,1.0,0,1,1,0,1,0,0,0,0,1,0,1,0,1,0,0
466,2947,1664.0,70.0,180.0,0.0,0,1,0,1,0,0,0,1,0,0,1,1,0,0,0,1
467,16692,0.0,110.0,360.0,1.0,0,1,0,1,1,0,0,0,0,1,0,1,0,0,1,0
468,210,2917.0,98.0,360.0,1.0,1,0,0,1,0,0,1,0,0,0,1,1,0,0,1,0
469,4333,2451.0,110.0,360.0,1.0,0,1,0,1,1,0,0,0,0,1,0,1,0,0,0,1
470,3450,2079.0,162.0,360.0,1.0,0,1,0,1,0,1,0,0,0,1,0,0,1,0,1,0
471,2653,1500.0,113.0,180.0,0.0,0,1,0,1,0,1,0,0,0,0,1,1,0,1,0,0
472,4691,0.0,100.0,360.0,1.0,0,1,0,1,0,0,0,1,0,1,0,1,0,0,1,0
473,2500,0.0,93.0,360.0,1.0,1,0,1,0,1,0,0,0,0,1,0,0,1,0,0,1
474,5532,4648.0,162.0,360.0,1.0,0,1,1,0,0,0,1,0,0,1,0,1,0,1,0,0
475,16525,1014.0,150.0,360.0,1.0,0,1,0,1,0,0,1,0,0,1,0,0,1,1,0,0
476,6700,1750.0,230.0,300.0,1.0,0,1,0,1,0,0,1,0,0,1,0,1,0,0,1,0
477,2873,1872.0,132.0,360.0,0.0,0,1,0,1,0,0,1,0,0,1,0,1,0,0,1,0
478,16667,2250.0,86.0,360.0,1.0,0,1,0,1,0,1,0,0,0,1,0,0,1,0,1,0
479,2947,1603.0,154.06021505376344,360.0,1.0,0,1,0,1,0,0,1,0,0,1,0,1,0,0,0,1
480,4350,0.0,154.0,360.0,1.0,1,0,1,0,1,0,0,0,0,0,1,1,0,1,0,0
481,3095,0.0,113.0,360.0,1.0,0,1,0,1,0,0,0,1,0,0,1,1,0,1,0,0
482,2083,3150.0,128.0,360.0,1.0,0,1,0,1,1,0,0,0,0,1,0,1,0,0,1,0
483,10833,0.0,234.0,360.0,1.0,0,1,0,1,1,0,0,0,0,1,0,1,0,0,1,0
484,8333,0.0,246.0,360.0,1.0,0,1,0,1,0,0,1,0,0,1,0,1,0,0,1,0
485,1958,2436.0,131.0,360.0,1.0,0,1,0,1,0,1,0,0,0,0,1,1,0,1,0,0
486,3547,0.0,80.0,360.0,0.0,0,1,1,0,0,0,1,0,0,1,0,1,0,1,0,0
487,18333,0.0,500.0,360.0,1.0,0,1,0,1,0,1,0,0,0,1,0,1,0,0,0,1
488,4583,2083.0,160.0,360.0,1.0,0,1,0,1,0,0,1,0,0,1,0,0,1,0,1,0
489,2435,0.0,75.0,360.0,1.0,0,1,1,0,1,0,0,0,0,1,0,1,0,0,0,1
490,2699,2785.0,96.0,360.0,1.0,0,1,1,0,1,0,0,0,0,0,1,1,0,0,1,0
491,5333,1131.0,186.0,360.0,1.0,0,1,0,1,0,1,0,0,0,0,1,1,0,0,0,1
492,3691,0.0,110.0,360.0,1.0,0,1,1,0,1,0,0,0,0,0,1,1,0,1,0,0
493,17263,0.0,225.0,360.0,1.0,1,0,1,0,1,0,0,0,0,0,1,0,1,0,1,0
494,3597,2157.0,119.0,360.0,0.0,0,1,0,1,1,0,0,0,0,1,0,1,0,1,0,0
495,3326,913.0,105.0,84.0,1.0,1,0,0,1,0,1,0,0,0,1,0,1,0,0,1,0
496,2600,1700.0,107.0,360.0,1.0,0,1,0,1,1,0,0,0,0,0,1,1,0,1,0,0
497,4625,2857.0,111.0,12.0,1.0,0,1,0,1,1,0,0,0,0,1,0,1,0,0,0,1
498,2895,0.0,95.0,360.0,1.0,0,1,0,1,0,1,0,0,0,1,0,0,1,0,1,0
499,6283,4416.0,209.0,360.0,0.0,0,1,1,0,1,0,0,0,0,1,0,1,0,1,0,0
500,645,3683.0,113.0,480.0,1.0,1,0,1,0,1,0,0,0,0,1,0,1,0,1,0,0
501,3159,0.0,100.0,360.0,1.0,1,0,1,0,1,0,0,0,0,1,0,1,0,0,1,0
502,4865,5624.0,208.0,360.0,1.0,0,1,0,1,0,0,1,0,0,1,0,1,0,0,1,0
503,4050,5302.0,138.0,360.0,1.0,0,1,0,1,0,1,0,0,0,0,1,1,0,1,0,0
504,3814,1483.0,124.0,300.0,1.0,0,1,0,1,1,0,0,0,0,0,1,1,0,0,1,0
505,3510,4416.0,243.0,360.0,1.0,0,1,0,1,0,0,1,0,0,1,0,1,0,1,0,0
506,20833,6667.0,480.0,360.0,1.0,0,1,0,1,1,0,0,0,0,1,0,1,0,0,0,1
507,3583,0.0,96.0,360.0,1.0,0,1,1,0,1,0,0,0,0,1,0,1,0,0,0,1
508,2479,3013.0,188.0,360.0,1.0,0,1,0,1,1,0,0,0,0,1,0,0,1,0,0,1
509,13262,0.0,40.0,360.0,1.0,1,0,1,0,0,1,0,0,0,1,0,1,0,0,0,1
510,3598,1287.0,100.0,360.0,1.0,0,1,1,0,1,0,0,0,0,0,1,1,0,1,0,0
511,6065,2004.0,250.0,360.0,1.0,0,1,0,1,0,1,0,0,0,1,0,1,0,0,1,0
512,3283,2035.0,148.0,360.0,1.0,0,1,0,1,0,0,1,0,0,1,0,1,0,0,0,1
513,2130,6666.0,70.0,180.0,1.0,0,1,0,1,1,0,0,0,0,1,0,1,0,0,1,0
514,5815,3666.0,311.0,360.0,1.0,0,1,1,0,1,0,0,0,0,1,0,1,0,1,0,0
515,3466,3428.0,150.0,360.0,1.0,0,1,0,1,0,0,0,1,0,1,0,1,0,1,0,0
516,2031,1632.0,113.0,480.0,1.0,1,0,0,1,0,0,1,0,0,1,0,1,0,0,1,0
517,3074,1800.0,123.0,360.0,0.0,0,1,0,1,0,0,0,0,1,0,1,1,0,0,1,0
518,4683,1915.0,185.0,360.0,1.0,0,1,1,0,1,0,0,0,0,1,0,1,0,0,1,0
519,3400,0.0,95.0,360.0,1.0,1,0,1,0,1,0,0,0,0,0,1,1,0,1,0,0
520,2192,1742.0,45.0,360.0,1.0,0,1,0,1,0,0,1,0,0,0,1,1,0,0,1,0
521,2500,0.0,55.0,360.0,1.0,0,1,1,0,1,0,0,0,0,1,0,1,0,0,1,0
522,5677,1424.0,100.0,360.0,1.0,0,1,0,1,0,0,0,1,0,1,0,0,1,1,0,0
523,7948,7166.0,480.0,360.0,1.0,0,1,0,1,0,0,1,0,0,1,0,0,1,1,0,0
524,4680,2087.0,154.06021505376344,360.0,1.0,0,1,1,0,1,0,0,0,0,1,0,1,0,0,1,0
525,17500,0.0,400.0,360.0,1.0,0,1,0,1,0,0,1,0,0,1,0,0,1,1,0,0
526,3775,0.0,110.0,360.0,1.0,0,1,0,1,1,0,0,0,0,1,0,1,0,0,1,0
527,5285,1430.0,161.0,360.0,0.0,0,1,0,1,0,1,0,0,0,0,1,1,0,0,1,0
528,2679,1302.0,94.0,360.0,1.0,0,1,1,0,0,1,0,0,0,0,1,1,0,0,1,0
529,6783,0.0,130.0,360.0,1.0,0,1,1,0,1,0,0,0,0,0,1,1,0,0,1,0
530,1025,5500.0,216.0,360.0,1.0,0,1,0,1,1,0,0,0,0,1,0,1,0,1,0,0
531,4281,0.0,100.0,360.0,1.0,0,1,0,1,0,0,0,1,0,1,0,1,0,0,0,1
532,3588,0.0,110.0,360.0,0.0,0,1,1,0,0,0,1,0,0,1,0,1,0,1,0,0
533,11250,0.0,196.0,360.0,1.0,0,1,1,0,0,1,0,0,0,1,0,1,0,0,1,0
534,18165,0.0,125.0,360.0,1.0,1,0,1,0,1,0,0,0,0,0,1,0,1,0,0,1
535,2550,2042.0,126.0,360.0,1.0,0,1,1,0,1,0,0,0,0,0,1,1,0,1,0,0
536,6133,3906.0,324.0,360.0,1.0,0,1,0,1,1,0,0,0,0,1,0,1,0,0,0,1
537,3617,0.0,107.0,360.0,1.0,0,1,1,0,0,0,1,0,0,1,0,1,0,0,1,0
538,2917,536.0,66.0,360.0,1.0,0,1,0,1,1,0,0,0,0,0,1,1,0,1,0,0
539,6417,0.0,157.0,180.0,1.0,0,1,0,1,0,0,0,1,0,1,0,1,0,1,0,0
540,4608,2845.0,140.0,180.0,1.0,1,0,0,1,0,1,0,0,0,1,0,1,0,0,1,0
541,2138,0.0,99.0,360.0,0.0,1,0,1,0,1,0,0,0,0,1,0,1,0,0,1,0
542,3652,0.0,95.0,360.0,1.0,1,0,1,0,0,1,0,0,0,1,0,1,0,0,1,0
543,2239,2524.0,128.0,360.0,1.0,0,1,0,1,0,1,0,0,0,0,1,1,0,0,0,1
544,3017,663.0,102.0,360.0,1.0,1,0,0,1,1,0,0,0,0,0,1,1,0,0,1,0
545,2768,1950.0,155.0,360.0,1.0,0,1,0,1,1,0,0,0,0,1,0,1,0,1,0,0
546,3358,0.0,80.0,36.0,1.0,0,1,1,0,1,0,0,0,0,0,1,1,0,0,1,0
547,2526,1783.0,145.0,360.0,1.0,0,1,1,0,1,0,0,0,0,1,0,1,0,1,0,0
548,5000,0.0,103.0,360.0,0.0,1,0,1,0,1,0,0,0,0,1,0,1,0,0,1,0
549,2785,2016.0,110.0,360.0,1.0,0,1,0,1,1,0,0,0,0,1,0,1,0,1,0,0
550,6633,0.0,154.06021505376344,360.0,0.0,0,1,0,1,0,0,1,0,0,1,0,0,1,1,0,0
551,2492,2375.0,118.40944881889764,360.0,1.0,0,1,0,1,0,1,0,0,0,0,1,1,0,1,0,0
552,3333,3250.0,158.0,360.0,1.0,0,1,0,1,0,1,0,0,0,1,0,1,0,0,0,1
553,2454,2333.0,181.0,360.0,0.0,0,1,0,1,1,0,0,0,0,0,1,1,0,0,0,1
554,3593,4266.0,132.0,180.0,0.0,0,1,0,1,1,0,0,0,0,1,0,1,0,1,0,0
555,5468,1032.0,26.0,360.0,1.0,0,1,0,1,0,1,0,0,0,1,0,1,0,0,1,0
556,2667,1625.0,84.0,360.0,1.0,1,0,1,0,1,0,0,0,0,1,0,1,0,0,0,1
557,10139,0.0,260.0,360.0,1.0,0,1,0,1,0,0,0,1,0,1,0,0,1,0,1,0
558,3887,2669.0,162.0,360.0,1.0,0,1,0,1,1,0,0,0,0,1,0,1,0,0,1,0
559,4180,2306.0,182.0,360.0,1.0,1,0,0,1,1,0,0,0,0,1,0,1,0,0,1,0
560,3675,242.0,108.0,360.0,1.0,0,1,0,1,0,0,1,0,0,0,1,1,0,0,1,0
561,19484,0.0,600.0,360.0,1.0,1,0,0,1,0,1,0,0,0,1,0,0,1,0,1,0
562,5923,2054.0,211.0,360.0,1.0,0,1,0,1,1,0,0,0,0,1,0,1,0,1,0,0
563,5800,0.0,132.0,360.0,1.0,0,1,1,0,1,0,0,0,0,0,1,0,1,0,1,0
564,8799,0.0,258.0,360.0,0.0,0,1,0,1,0,0,1,0,0,1,0,1,0,0,0,1
565,4467,0.0,120.0,360.0,1.0,0,1,0,1,1,0,0,0,0,0,1,1,0,1,0,0
566,3333,0.0,70.0,360.0,1.0,0,1,1,0,1,0,0,0,0,1,0,1,0,0,0,1
567,3400,2500.0,123.0,360.0,0.0,0,1,0,1,0,0,0,1,0,1,0,1,0,1,0,0
568,2378,0.0,9.0,360.0,1.0,1,0,1,0,1,0,0,0,0,1,0,1,0,0,0,1
569,3166,2064.0,104.0,360.0,0.0,0,1,0,1,1,0,0,0,0,1,0,1,0,0,0,1
570,3417,1750.0,186.0,360.0,1.0,0,1,0,1,0,1,0,0,0,1,0,1,0,0,0,1
571,5116,1451.0,165.0,360.0,0.0,0,1,0,1,0,0,0,0,1,1,0,1,0,0,0,1
572,16666,0.0,275.0,360.0,1.0,0,1,0,1,0,0,1,0,0,1,0,1,0,0,0,1
573,6125,1625.0,187.0,480.0,1.0,0,1,0,1,0,0,1,0,0,0,1,1,0,0,1,0
574,6406,0.0,150.0,360.0,1.0,0,1,0,1,0,0,0,1,0,1,0,1,0,0,1,0
575,3159,461.0,108.0,84.0,1.0,0,1,0,1,0,0,1,0,0,1,0,1,0,0,0,1
576,3087,2210.0,136.0,360.0,0.0,0,1,0,1,1,0,0,0,0,1,0,1,0,0,1,0
577,3229,2739.0,110.0,360.0,1.0,0,1,1,0,1,0,0,0,0,1,0,1,0,0,0,1
578,1782,2232.0,107.0,360.0,1.0,0,1,0,1,0,1,0,0,0,1,0,1,0,1,0,0
579,3182,2917.0,161.0,360.0,1.0,0,1,1,0,1,0,0,0,0,1,0,1,0,0,0,1
580,6540,0.0,205.0,360.0,1.0,0,1,0,1,0,0,1,0,0,1,0,1,0,0,1,0
581,1836,33837.0,90.0,360.0,1.0,0,1,1,0,1,0,0,0,0,1,0,1,0,0,0,1
582,3166,0.0,36.0,360.0,1.0,1,0,0,1,1,0,0,0,0,1,0,1,0,0,1,0
583,1880,0.0,61.0,360.0,1.0,0,1,0,1,0,1,0,0,0,1,0,1,0,1,0,0
584,2787,1917.0,146.0,360.0,0.0,0,1,0,1,0,1,0,0,0,1,0,1,0,1,0,0
585,4283,3000.0,172.0,84.0,1.0,0,1,0,1,0,1,0,0,0,1,0,1,0,1,0,0
586,2297,1522.0,104.0,360.0,1.0,0,1,0,1,1,0,0,0,0,1,0,1,0,0,0,1
587,2165,0.0,70.0,360.0,1.0,1,0,1,0,1,0,0,0,0,0,1,1,0,0,1,0
588,4750,0.0,94.0,360.0,1.0,0,1,1,0,1,0,0,0,0,1,0,1,0,0,1,0
589,2726,0.0,106.0,360.0,0.0,0,1,0,1,0,0,1,0,0,1,0,0,1,0,1,0
590,3000,3416.0,56.0,180.0,1.0,0,1,0,1,1,0,0,0,0,1,0,1,0,0,1,0
591,6000,0.0,205.0,240.0,1.0,0,1,0,1,0,0,1,0,0,1,0,0,1,0,1,0
592,9357,0.0,292.0,360.0,1.0,0,1,1,0,0,0,0,1,0,1,0,0,1,0,1,0
593,3859,3300.0,142.0,180.0,1.0,0,1,0,1,1,0,0,0,0,1,0,1,0,1,0,0
594,16120,0.0,260.0,360.0,1.0,0,1,0,1,1,0,0,0,0,1,0,0,1,0,0,1
595,3833,0.0,110.0,360.0,1.0,0,1,1,0,1,0,0,0,0,0,1,1,0,1,0,0
596,6383,1000.0,187.0,360.0,1.0,0,1,0,1,0,0,1,0,0,0,1,0,1,1,0,0
597,2987,0.0,88.0,360.0,0.0,0,1,1,0,0,0,0,0,1,1,0,1,0,0,1,0
598,9963,0.0,180.0,360.0,1.0,0,1,0,1,1,0,0,0,0,1,0,0,1,1,0,0
599,5780,0.0,192.0,360.0,1.0,0,1,0,1,0,0,1,0,0,1,0,1,0,0,0,1
600,416,41667.0,350.0,180.0,1.0,1,0,1,0,0,0,0,1,0,1,0,1,0,0,0,1
601,2894,2792.0,155.0,360.0,1.0,0,1,0,1,1,0,0,0,0,0,1,1,0,1,0,0
602,5703,0.0,128.0,360.0,1.0,0,1,0,1,0,0,0,1,0,1,0,1,0,0,0,1
603,3676,4301.0,172.0,360.0,1.0,0,1,1,0,1,0,0,0,0,1,0,1,0,1,0,0
604,12000,0.0,496.0,360.0,1.0,1,0,0,1,0,1,0,0,0,1,0,1,0,0,1,0
605,2400,3800.0,118.40944881889764,180.0,1.0,0,1,0,1,1,0,0,0,0,0,1,1,0,0,0,1
606,3400,2500.0,173.0,360.0,1.0,0,1,0,1,0,1,0,0,0,1,0,1,0,0,1,0
607,3987,1411.0,157.0,360.0,1.0,0,1,0,1,0,0,1,0,0,0,1,1,0,1,0,0
608,3232,1950.0,108.0,360.0,1.0,0,1,0,1,1,0,0,0,0,1,0,1,0,1,0,0
609,2900,0.0,71.0,360.0,1.0,1,0,1,0,1,0,0,0,0,1,0,1,0,1,0,0
610,4106,0.0,40.0,180.0,1.0,0,1,0,1,0,0,0,1,0,1,0,1,0,1,0,0
611,8072,240.0,253.0,360.0,1.0,0,1,0,1,0,1,0,0,0,1,0,1,0,0,0,1
612,7583,0.0,187.0,360.0,1.0,0,1,0,1,0,0,1,0,0,1,0,1,0,0,0,1
613,4583,0.0,133.0,360.0,0.0,1,0,1,0,1,0,0,0,0,1,0,0,1,0,1,0
